<?xml version="1.0" standalone="yes"?>
<DocumentElement>
  <prog>
    <name>abhishek</name>
    <email>abhishek.@gmail.com</email>
    <address>rajkot</address>
    <city>rajkot</city>
    <gender>Male</gender>
    <username>abhishek</username>
    <password>1234</password>
  </prog>
  <prog>
    <name>sohan</name>
    <email>abhishek.@gmail.com</email>
    <address>rajkot</address>
    <city>rajkot</city>
    <gender>Male</gender>
    <username>sohan</username>
    <password>7894</password>
  </prog>
  <prog>
    <name>naitik</name>
    <email>naitik@gmail.com</email>
    <address>rajkot</address>
    <city>rajkot</city>
    <gender>Male</gender>
    <username>naitik 1234</username>
    <password>1244</password>
  </prog>
  <prog>
    <name>siddharth</name>
    <email>siddharth@gmail.com</email>
    <address>rajkot</address>
    <city>rajkot</city>
    <gender>Male</gender>
    <username>siddharth</username>
    <password>4567</password>
  </prog>
</DocumentElement>